Tahun,Bulan,1,2,3,4,5,6,7,8,9,10,11,12,13,14,15,16,17,18,19,20,21,22,23,24,25,26,27,28,29,30,31,Rata-rata
2000,1,434,174,27,497,148,164,363,495,440,466,457,186,337,172,136,60,94,379,86,364,190,119,491,35,59,172,180,166,436,487,91,255
2000,2,28,225,92,489,348,60,32,116,127,48,107,397,322,491,217,342,461,466,96,129,22,408,22,234,119,162,282,446,243,,,225
2000,3,15,133,196,101,437,10,385,125,391,314,243,66,198,319,3,375,248,316,216,209,415,453,220,432,456,152,89,152,425,259,291,247
2000,4,140,482,66,474,127,66,242,250,78,399,142,248,119,176,92,244,58,37,16,237,464,271,49,328,212,34,445,12,191,278,,199
2000,5,340,487,458,304,229,448,103,98,7,493,480,319,222,56,158,254,17,487,409,478,356,161,93,203,124,409,191,44,430,8,259,262
2000,6,311,372,336,46,372,301,237,319,438,88,414,254,313,27,208,3,294,265,158,257,477,89,271,213,391,357,358,447,61,360,,268
2000,7,35,74,236,139,356,411,35,412,225,97,168,71,402,78,83,54,61,398,377,440,273,97,479,107,193,441,147,9,169,250,162,209
2000,8,290,121,383,159,161,141,333,350,459,388,40,173,353,161,133,49,278,425,25,276,368,327,494,393,323,352,473,223,322,434,214,278
2000,9,318,456,292,451,326,53,17,281,297,150,369,218,446,8,221,300,468,393,323,228,315,477,164,70,240,130,410,167,413,9,,267
2000,10,465,112,409,323,64,393,145,53,452,22,425,71,169,347,370,449,90,367,490,331,440,370,9,453,480,37,44,58,109,114,487,263
2000,11,354,413,245,270,78,367,498,71,230,45,85,486,44,473,80,108,429,460,457,406,220,354,60,292,257,321,115,442,129,128,,264
2000,12,122,447,274,311,227,31,225,479,498,485,123,30,89,366,288,152,314,303,161,445,140,162,470,444,119,118,491,204,127,331,464,272
2001,1,147,151,402,424,434,350,419,55,58,105,259,216,207,135,274,203,192,339,315,124,445,477,182,270,234,360,23,351,247,27,139,244
2001,2,50,289,138,277,466,266,321,58,197,127,65,141,246,98,327,415,462,265,274,311,277,74,60,44,314,173,64,409,,,,222
2001,3,3,205,463,385,317,311,85,412,273,365,407,40,229,441,419,76,500,271,416,76,347,27,466,110,331,97,309,302,377,409,76,276
2001,4,34,1,230,299,378,299,447,237,195,152,438,388,292,1,112,219,165,65,478,270,392,70,477,19,389,39,456,477,41,190,,242
2001,5,402,103,288,249,466,131,153,65,156,454,446,370,221,499,38,322,495,26,211,285,354,236,289,89,189,450,30,122,221,310,481,263
2001,6,452,243,252,341,244,207,333,37,278,218,138,348,190,291,439,15,385,150,83,43,49,95,46,58,158,278,360,353,261,94,,215
2001,7,188,97,235,377,172,76,91,252,114,321,238,436,276,482,272,500,317,176,142,15,264,10,285,437,349,238,144,467,17,326,249,244
2001,8,260,402,403,93,312,405,348,412,127,162,146,490,51,212,378,25,432,217,304,65,29,119,445,321,487,398,317,494,416,457,443,296
2001,9,311,215,341,55,375,451,373,416,110,491,404,257,374,341,280,430,71,373,201,495,245,211,269,99,458,132,275,90,191,318,,288
2001,10,181,496,272,380,324,192,236,181,221,476,371,405,389,232,290,454,388,312,168,29,229,453,192,202,240,413,497,156,57,214,39,280
2001,11,279,291,354,91,190,17,398,337,226,380,68,129,276,419,387,459,293,69,207,13,76,425,472,107,291,92,319,332,4,308,,244
2001,12,147,354,374,177,161,0,498,500,303,108,31,238,51,211,253,385,131,63,440,385,246,321,303,120,17,228,59,51,444,292,453,237
2002,1,27,119,6,401,8,142,340,357,359,162,273,453,336,475,267,395,499,411,319,359,201,177,15,283,360,137,200,465,376,368,196,274
2002,2,266,317,305,252,19,102,483,0,425,401,19,292,499,251,294,377,250,439,420,462,470,436,170,168,480,243,396,248,,,,303
2002,3,409,89,456,362,183,21,237,286,380,478,93,194,366,344,62,362,456,242,331,395,317,211,163,156,131,389,276,271,364,225,314,276
2002,4,281,383,42,63,263,432,348,177,148,195,53,38,418,272,129,434,87,305,210,473,471,2,342,471,98,297,484,239,256,426,,261
2002,5,219,48,144,450,234,420,182,199,486,224,484,361,103,3,54,401,390,250,302,390,45,6,267,232,55,307,408,3,373,429,219,248
2002,6,35,24,419,409,473,479,41,138,306,321,224,336,98,494,468,245,375,457,286,165,15,289,12,64,10,294,269,99,223,174,,241
2002,7,125,396,401,248,248,24,190,119,231,423,354,31,290,190,295,232,377,466,194,10,219,340,500,10,202,247,209,425,58,196,120,238
2002,8,399,98,175,59,263,197,275,175,484,205,94,10,383,28,353,160,241,495,378,47,428,474,134,322,191,259,424,96,170,14,400,240
2002,9,163,397,204,309,427,408,63,149,388,203,370,415,169,156,77,395,172,345,189,141,380,245,491,186,416,99,432,68,258,365,,269
2002,10,478,241,365,407,358,176,190,430,58,139,285,121,285,356,138,269,496,32,453,285,260,67,30,291,87,41,485,483,209,80,34,246
2002,11,479,252,103,177,41,220,35,105,386,169,471,71,352,383,319,170,485,124,151,358,495,412,338,304,344,275,53,136,241,229,,256
2002,12,322,430,401,250,287,275,111,231,100,403,349,99,22,469,146,129,125,473,398,219,184,21,279,152,70,365,496,130,270,308,117,246
2003,1,478,407,31,186,271,346,215,352,105,431,384,359,30,78,437,375,19,29,109,332,112,489,43,405,4,484,142,420,356,338,398,263
2003,2,433,185,287,480,173,407,404,482,440,158,326,83,286,159,489,100,207,97,223,103,97,37,327,402,309,23,11,366,,,,253
2003,3,93,74,480,395,371,229,382,457,357,43,247,493,262,69,95,239,175,378,253,216,294,116,284,47,265,487,382,150,230,238,143,256
2003,4,485,28,18,439,386,221,332,88,451,476,408,143,150,413,104,205,137,21,288,500,55,111,262,397,432,261,353,175,333,402,,269
2003,5,60,387,469,390,158,356,109,5,436,398,247,332,373,267,107,278,213,296,60,63,329,165,55,230,163,411,147,15,426,34,263,234
2003,6,182,134,133,257,454,214,122,186,143,244,492,83,343,128,455,404,494,18,351,78,282,207,20,323,256,181,82,73,466,42,,228
2003,7,4,441,295,404,172,15,254,83,146,404,419,456,285,314,149,132,34,24,344,478,201,145,297,401,397,172,288,100,495,73,220,247
2003,8,24,394,33,266,153,421,188,423,12,466,9,41,335,155,260,282,60,357,246,46,420,403,398,164,311,114,323,462,240,391,300,248
2003,9,429,113,298,467,212,462,97,54,200,210,195,410,425,65,150,79,144,156,364,63,466,358,306,480,352,7,467,385,265,150,,261
2003,10,234,495,51,445,282,475,78,258,449,398,412,445,378,419,410,439,173,432,176,79,426,172,115,281,313,358,495,193,144,392,195,310
2003,11,368,370,100,13,171,491,260,270,330,141,90,45,430,367,355,491,361,482,82,249,237,482,377,131,488,314,229,397,70,84,,276
2003,12,220,19,237,171,116,90,246,470,7,10,83,436,37,401,147,84,124,168,75,335,217,457,157,483,79,482,367,307,154,335,497,226
2004,1,50,456,480,42,493,374,280,350,308,236,234,427,371,64,180,330,429,61,359,117,287,27,90,61,139,247,449,397,135,92,182,250
2004,2,276,246,304,163,12,306,373,370,205,106,98,56,78,337,266,250,329,179,446,481,53,64,156,229,384,397,420,455,246,,,251
2004,3,123,359,319,162,35,388,289,482,187,12,259,414,88,174,282,21,381,13,492,15,73,229,461,362,453,333,362,133,41,267,50,234
2004,4,339,130,216,175,100,444,370,423,1,252,77,287,337,28,499,456,136,148,177,349,283,139,399,442,424,336,319,250,322,322,,273
2004,5,267,100,70,300,335,477,36,371,488,32,188,267,393,394,492,447,275,262,175,266,294,63,199,127,260,184,299,8,441,211,111,253
2004,6,107,210,439,244,351,397,43,251,21,235,194,171,267,279,246,71,364,108,188,177,396,493,291,15,90,472,94,67,224,166,,222
2004,7,202,59,180,381,29,135,384,238,481,314,433,111,22,307,120,401,496,20,428,9,375,107,460,106,282,77,290,360,136,24,182,231
2004,8,73,270,111,27,468,63,345,496,255,71,488,7,278,281,355,2,74,466,17,325,306,102,233,129,428,42,498,282,60,93,105,218
2004,9,303,442,103,114,10,373,128,324,344,471,287,353,225,293,445,483,322,200,304,143,470,443,480,400,240,135,49,274,94,101,,278
2004,10,363,447,73,92,414,385,76,184,145,412,340,39,52,367,477,52,318,385,118,378,273,90,486,339,497,71,250,162,356,3,374,259
2004,11,120,464,273,33,108,457,429,116,229,103,220,469,375,150,333,103,90,0,13,232,410,378,499,300,474,88,274,338,86,167,,244
2004,12,246,315,53,9,56,263,55,400,441,418,380,10,314,426,122,455,80,191,218,283,131,32,114,144,335,373,263,225,163,432,12,224
2005,1,246,462,110,52,392,392,40,388,403,206,129,465,350,8,280,485,322,397,438,331,6,237,178,43,417,229,293,384,243,337,297,276
2005,2,1,151,364,498,462,470,389,52,54,267,89,472,43,443,348,35,96,386,450,266,351,489,342,64,23,422,12,384,,,,265
2005,3,139,268,107,231,294,297,207,418,111,496,314,187,391,129,290,277,366,421,159,105,391,105,250,269,2,478,47,49,473,98,378,250
2005,4,83,270,92,481,252,292,259,13,213,426,184,146,281,347,389,312,236,320,275,18,146,22,38,478,50,76,409,2,417,489,,234
2005,5,35,274,101,366,318,366,476,343,255,436,260,286,399,394,119,472,178,361,377,477,149,135,250,405,465,305,394,121,227,479,93,301
2005,6,30,142,147,276,36,175,478,172,442,295,119,174,67,79,394,40,197,29,314,52,59,44,338,31,447,270,65,482,101,326,,194
2005,7,445,68,150,356,25,498,354,82,4,73,78,30,398,483,104,205,222,139,276,196,465,390,103,89,450,266,88,276,440,482,401,246
2005,8,257,217,407,38,256,445,254,400,235,250,491,417,490,299,161,31,404,244,168,152,25,21,405,178,373,172,208,472,462,183,333,273
2005,9,46,222,387,102,127,428,218,80,401,60,358,251,72,200,79,175,268,484,487,337,328,400,402,451,177,233,301,240,97,25,,248
2005,10,169,353,216,361,102,66,438,93,166,439,396,371,70,396,38,372,419,287,50,188,264,225,425,395,250,15,377,416,17,20,431,252
2005,11,320,434,468,425,242,160,235,369,96,450,310,210,218,325,208,404,78,85,282,495,348,174,272,0,57,349,96,144,146,423,,261
2005,12,58,401,409,262,160,66,456,289,362,346,133,249,137,222,244,464,434,413,368,457,449,224,195,277,295,93,322,186,184,302,167,278
2006,1,93,350,86,164,370,54,177,244,10,498,65,107,385,369,259,23,379,51,438,428,15,381,475,44,294,60,253,33,496,201,55,221
2006,2,163,253,491,404,249,141,427,479,343,465,165,57,157,429,144,24,8,14,398,279,221,35,189,158,414,111,31,53,,,,225
2006,3,460,299,224,34,85,475,95,106,145,87,33,398,258,208,322,238,143,355,133,339,349,121,105,134,312,319,92,493,101,485,288,233
2006,4,31,435,76,240,72,105,22,251,486,82,75,381,398,413,460,180,24,157,99,124,301,104,341,127,497,18,313,457,468,215,,232
2006,5,152,359,146,261,413,103,428,475,361,137,29,310,50,229,431,2,372,290,378,299,112,455,202,129,257,1,403,249,118,334,441,256
2006,6,352,149,425,290,400,493,74,10,107,134,454,431,444,91,243,228,56,490,427,231,220,59,302,336,270,447,388,140,10,414,,271
2006,7,352,387,2,34,134,260,328,76,53,110,494,437,36,460,45,490,399,150,258,232,448,178,485,279,202,185,124,97,94,284,260,238
2006,8,400,192,321,178,26,395,64,59,394,174,116,468,208,145,299,332,112,472,177,231,430,449,427,400,243,408,188,333,447,81,67,266
2006,9,386,466,500,287,7,3,332,236,396,285,233,413,54,235,478,398,461,185,45,270,300,253,18,147,396,424,393,421,473,500,,300
2006,10,302,464,76,357,378,475,156,479,214,451,450,322,481,425,257,315,141,135,283,418,222,155,276,247,223,340,126,386,345,154,128,296
2006,11,144,13,206,226,22,446,45,13,416,399,342,49,300,297,390,204,348,439,167,342,129,197,426,219,133,119,447,313,349,465,,254
2006,12,316,300,383,360,72,108,99,324,107,481,5,323,107,272,353,378,453,170,341,13,278,163,27,88,293,418,14,334,242,102,81,226
2007,1,148,247,195,447,460,282,113,225,32,67,154,252,194,430,268,471,148,280,331,155,26,178,8,410,23,260,79,404,151,356,28,220
2007,2,33,122,293,148,95,1,162,392,367,400,219,67,386,221,126,83,311,97,58,226,1,23,87,36,155,363,488,47,,,,179
2007,3,319,199,100,136,309,38,98,163,425,160,324,463,160,130,202,480,193,428,287,466,393,500,95,228,184,251,218,83,431,237,26,249
2007,4,477,214,252,108,250,436,226,139,100,249,343,2,7,402,132,6,253,242,473,382,50,449,112,323,209,466,71,64,314,427,,239
2007,5,16,347,27,379,362,89,472,205,406,178,242,310,113,195,46,315,382,262,277,287,49,161,192,415,181,135,250,33,407,109,237,228
2007,6,9,178,205,149,16,486,205,338,456,382,74,475,113,409,422,175,220,316,219,160,70,416,418,198,214,265,322,207,35,494,,255
2007,7,401,32,436,274,150,193,460,284,182,157,281,120,331,30,77,123,38,431,313,366,301,327,90,424,267,210,107,202,54,428,323,239
2007,8,118,43,293,287,209,65,334,380,139,64,166,166,200,134,314,151,296,307,64,328,330,382,278,252,247,303,31,285,19,81,25,203
2007,9,114,89,200,385,360,244,175,483,458,54,117,445,380,380,293,65,305,339,178,100,146,71,213,370,9,345,126,379,73,475,,246
2007,10,461,122,154,147,288,162,97,65,258,59,412,104,27,200,356,188,305,123,499,2,363,86,350,449,486,317,24,253,174,303,460,235
2007,11,207,39,262,410,470,9,415,477,321,360,424,311,415,118,95,123,253,402,412,81,183,388,186,209,493,413,482,252,100,271,,286
2007,12,6,1,393,164,338,133,392,486,397,19,130,296,30,77,449,28,82,380,286,53,394,155,385,309,299,40,7,205,263,5,21,201
2008,1,242,159,160,217,255,178,393,236,74,488,126,309,471,438,49,52,179,296,46,470,245,391,91,196,202,124,67,172,13,305,396,227
2008,2,359,403,153,490,116,433,318,352,496,189,119,230,386,440,149,265,410,178,19,313,59,354,136,24,457,68,366,442,151,,,272
2008,3,312,236,385,51,238,21,98,25,400,253,126,164,303,404,310,297,96,394,312,196,450,461,206,360,194,106,147,407,136,431,470,258
2008,4,137,328,235,239,186,379,33,233,171,488,435,156,452,296,390,262,491,344,155,144,9,427,450,328,250,250,376,186,165,390,,280
2008,5,121,217,361,71,134,21,369,404,264,328,446,281,466,444,111,425,42,417,329,458,257,306,333,21,153,281,374,396,319,112,216,273
2008,6,319,283,259,424,446,4,435,431,269,60,426,301,153,96,326,493,277,112,246,447,386,124,91,25,161,94,18,491,469,418,,269
2008,7,382,233,34,42,384,223,76,311,37,430,360,486,496,231,392,422,7,370,19,367,464,58,243,83,233,198,1,334,453,259,238,254
2008,8,55,373,161,136,476,13,444,211,260,57,470,103,427,243,341,65,223,261,228,65,30,113,348,47,200,373,418,293,471,88,14,226
2008,9,67,184,371,173,297,118,295,357,288,20,67,49,72,64,9,397,365,248,330,330,47,441,5,323,290,173,486,436,355,381,,235
2008,10,315,335,190,17,259,56,361,241,168,392,91,409,270,344,285,2,336,426,270,281,400,77,300,442,200,9,263,159,280,488,131,252
2008,11,88,297,218,445,180,348,366,11,52,74,474,8,335,125,461,489,377,376,339,120,384,316,83,458,175,373,422,19,15,235,,255
2008,12,134,98,123,455,274,81,201,15,122,2,5,166,376,171,428,5,94,258,79,270,73,382,138,228,245,247,491,451,107,51,426,200
2009,1,52,181,249,388,334,241,434,336,354,68,364,288,412,421,490,11,96,392,275,323,316,44,188,400,380,7,171,299,236,133,364,266
2009,2,305,333,108,342,136,189,120,181,171,396,346,148,272,218,74,258,97,302,34,104,227,2,366,85,219,76,420,209,,,,205
2009,3,364,240,141,323,118,480,68,181,256,480,103,132,476,449,90,321,11,216,55,152,54,360,232,468,311,239,236,487,295,313,139,251
2009,4,440,402,193,356,128,312,425,206,475,399,384,366,23,283,255,136,232,67,41,320,58,397,359,141,436,410,344,148,16,396,,272
2009,5,27,278,176,47,433,349,388,192,423,172,434,338,493,121,158,73,422,190,329,316,149,459,475,438,421,130,55,488,184,416,322,287
2009,6,330,476,475,413,374,20,283,442,130,431,69,348,393,331,328,482,19,124,117,452,263,382,66,157,445,475,495,293,302,474,,313
2009,7,421,247,240,442,94,270,1,100,92,350,181,196,496,100,33,409,191,351,500,178,125,316,326,175,240,396,318,416,468,40,392,261
2009,8,64,305,272,440,360,278,97,53,116,53,128,179,195,292,82,184,155,291,76,289,420,344,296,347,416,317,60,287,51,219,153,220
2009,9,145,348,319,444,370,278,14,438,233,411,230,444,225,461,481,260,405,329,22,147,42,172,307,206,64,211,92,487,300,278,,272
2009,10,351,9,190,368,283,466,19,181,456,268,344,375,89,156,425,194,219,12,136,331,401,391,105,450,274,100,149,468,73,220,77,245
2009,11,262,115,250,7,427,381,68,139,407,399,414,55,304,243,411,487,251,94,288,8,301,1,442,399,476,36,249,465,365,184,,264
2009,12,197,423,382,102,92,18,155,332,81,364,452,45,462,75,343,474,421,300,43,462,160,174,3,85,451,380,330,429,149,56,152,245
2010,1,347,42,268,57,198,449,72,94,56,273,214,14,30,367,495,381,207,392,91,357,121,273,374,50,58,253,496,173,444,193,164,226
2010,2,160,387,31,117,173,78,40,165,170,478,350,384,282,187,373,370,479,34,485,464,105,321,45,364,165,109,431,87,,,,244
2010,3,350,418,321,109,80,307,227,414,181,378,369,238,66,131,314,471,397,127,212,56,6,412,434,446,167,248,49,207,122,418,290,257
2010,4,204,454,351,141,180,371,221,285,442,179,413,206,27,415,268,456,242,33,345,408,59,397,152,155,4,145,243,363,114,173,,248
2010,5,179,432,83,369,388,332,223,64,197,228,437,365,142,415,410,67,91,26,71,491,280,463,69,444,164,213,101,66,19,32,451,236
2010,6,348,245,487,409,420,453,265,186,138,252,59,225,165,407,382,307,51,389,222,251,171,424,423,88,350,162,100,173,128,408,,270
2010,7,125,224,36,59,481,326,77,22,439,48,253,376,408,226,240,102,219,44,309,372,326,158,251,169,356,318,447,49,224,274,239,232
2010,8,218,208,384,346,171,340,340,265,372,311,108,317,1,245,482,397,428,82,448,192,346,274,65,267,131,189,180,137,325,438,463,273
2010,9,377,429,408,75,92,328,194,34,465,87,380,22,319,276,366,305,52,454,328,142,294,33,343,283,86,491,106,286,277,244,,253
2010,10,499,306,463,182,212,45,475,352,207,359,457,46,406,250,124,390,499,413,289,75,440,344,334,22,320,327,358,342,213,125,395,299
2010,11,420,199,121,264,145,166,221,125,324,84,47,96,223,83,401,38,3,136,181,81,45,244,386,238,10,238,258,367,187,251,,186
2010,12,427,192,287,491,74,167,391,227,184,499,176,125,8,307,470,81,406,364,193,113,132,122,382,36,73,65,172,208,450,140,25,225
2011,1,139,186,216,235,422,144,391,132,296,80,68,182,186,227,386,166,358,373,245,420,357,426,289,239,379,216,447,27,57,227,414,256
2011,2,29,485,183,387,368,110,246,24,303,134,418,471,33,229,117,78,435,437,63,53,137,139,299,194,251,224,236,74,,,,220
2011,3,196,210,283,495,426,203,121,147,349,19,429,444,449,33,422,189,301,301,232,133,424,490,379,66,230,287,427,21,202,342,364,278
2011,4,339,159,298,431,385,326,195,282,391,21,492,448,439,126,49,339,224,414,56,29,141,117,121,108,188,197,120,83,146,24,,223
2011,5,144,484,173,92,76,166,266,195,411,317,351,231,401,254,288,153,367,31,379,196,447,14,362,225,301,145,84,95,226,194,75,230
2011,6,176,264,359,263,388,36,205,39,475,122,53,236,244,281,91,314,431,475,493,281,14,221,299,16,232,161,21,141,475,200,,234
2011,7,220,224,179,193,436,363,431,53,120,487,282,93,73,485,176,29,497,399,227,303,154,157,195,1,374,260,30,147,360,203,492,247
2011,8,307,418,473,441,214,433,389,58,126,170,315,429,131,313,332,452,203,0,128,306,435,31,292,135,334,52,370,370,456,144,384,279
2011,9,350,149,254,271,318,282,129,170,475,17,60,58,480,27,151,100,451,153,199,421,429,73,225,274,486,97,243,337,193,198,,236
2011,10,77,353,387,300,203,38,325,316,376,126,271,370,383,429,104,100,216,434,141,216,312,283,113,52,11,263,45,384,342,454,110,243
2011,11,167,343,194,281,130,242,282,405,201,169,144,284,338,224,207,16,401,385,258,384,415,427,241,259,252,243,3,245,77,215,,248
2011,12,372,98,362,360,391,471,353,353,84,86,99,168,301,407,44,422,299,489,386,442,457,419,41,81,455,488,154,47,486,478,212,300
2012,1,15,425,441,239,71,27,434,75,157,276,496,168,407,328,357,307,205,444,38,395,37,80,444,382,34,247,448,132,351,204,220,254
2012,2,275,490,370,280,364,102,65,88,63,133,353,282,411,272,262,324,51,230,71,171,182,94,484,54,41,41,34,64,56,,,197
2012,3,339,500,393,444,128,244,150,40,254,466,155,316,388,330,495,228,298,26,101,197,43,141,236,132,88,191,55,202,404,127,37,231
2012,4,432,321,219,320,257,36,183,177,191,355,155,476,72,99,305,112,458,241,167,209,76,108,383,9,180,79,406,8,186,100,,211
2012,5,48,256,144,196,130,467,333,457,304,438,82,385,387,267,268,483,322,110,425,407,183,218,387,64,172,424,273,250,34,68,279,266
2012,6,474,143,373,191,424,103,132,22,315,235,326,26,45,271,230,408,273,90,19,141,67,105,67,23,19,424,439,429,217,274,,210
2012,7,79,271,337,211,89,134,241,82,314,176,22,300,202,125,118,3,275,381,420,147,364,186,492,59,341,40,341,188,344,18,100,206
2012,8,150,4,421,105,268,363,498,412,261,442,493,57,309,24,336,210,5,205,396,29,39,279,456,111,359,305,457,371,432,168,256,265
2012,9,395,209,376,213,339,181,134,178,4,309,189,243,162,298,98,132,302,90,111,378,463,143,493,335,43,454,285,189,331,342,,247
2012,10,477,276,168,119,439,396,405,191,257,492,153,88,19,139,12,373,292,497,379,475,80,126,469,258,322,317,451,9,344,75,201,268
2012,11,14,147,120,154,377,141,186,454,375,387,487,82,363,284,197,246,22,384,278,38,475,221,57,459,273,492,206,307,223,5,,248
2012,12,391,463,214,411,393,259,373,421,473,155,360,491,234,176,178,346,112,1,398,375,136,489,356,355,303,373,274,431,81,44,450,307
2013,1,313,278,138,295,375,392,91,295,329,119,259,323,496,339,21,288,365,421,175,272,469,441,459,28,93,49,144,274,85,139,178,256
2013,2,167,147,81,273,181,23,360,60,338,30,244,328,424,270,425,344,44,155,445,272,346,398,76,247,330,362,299,112,,,,242
2013,3,423,174,401,436,497,487,419,142,144,119,53,228,449,358,321,303,371,390,441,438,401,167,497,163,82,71,94,386,390,101,315,299
2013,4,364,152,317,467,95,90,190,270,406,184,408,449,37,179,447,95,98,412,103,9,488,365,16,456,94,476,157,181,91,33,,238
2013,5,284,428,80,77,486,437,409,125,177,299,400,183,305,204,195,349,337,184,277,340,337,462,130,199,60,413,490,279,167,487,496,293
2013,6,128,277,355,156,480,394,159,241,266,417,314,276,445,143,484,271,359,314,218,97,200,46,247,57,186,159,187,463,399,343,,269
2013,7,369,190,149,292,264,193,380,193,5,374,456,107,45,28,446,320,203,421,192,133,223,123,360,382,221,187,443,237,32,224,101,235
2013,8,424,90,188,357,227,208,88,343,78,301,462,380,216,441,408,85,319,106,73,240,451,370,324,373,141,448,46,406,117,392,118,265
2013,9,137,481,4,214,190,230,416,72,337,344,128,354,376,11,500,308,74,152,169,22,470,24,15,13,279,6,16,258,31,143,,192
2013,10,83,477,14,68,108,261,143,246,262,360,377,303,54,204,436,480,160,100,400,31,438,469,92,436,302,308,246,457,211,336,373,266
2013,11,261,416,207,249,361,488,89,383,100,364,87,374,271,187,423,269,55,311,494,70,174,309,462,125,20,381,448,213,325,434,,278
2013,12,493,466,194,399,359,6,285,199,482,403,85,352,341,156,358,282,409,72,494,226,113,314,479,208,360,59,14,156,463,246,219,280
2014,1,39,362,0,111,231,246,275,456,221,225,268,452,438,89,62,364,433,198,196,362,225,106,119,289,21,159,174,457,113,68,405,231
2014,2,30,159,66,152,263,60,221,203,226,111,354,365,324,195,107,14,302,233,178,132,110,133,144,458,298,267,492,203,,,,207
2014,3,331,340,409,139,134,127,3,224,350,415,405,64,376,263,232,228,437,482,287,292,376,247,394,404,468,390,500,171,217,226,19,289
2014,4,447,371,435,235,330,450,311,228,153,364,197,19,286,195,273,310,35,219,470,251,47,150,227,26,129,391,382,463,75,159,,254
2014,5,439,31,457,473,24,19,248,112,378,296,307,147,114,234,188,3,408,30,119,299,472,8,138,322,295,111,402,130,94,237,444,225
2014,6,153,55,367,107,367,481,376,7,377,278,274,270,104,81,470,230,201,141,22,388,407,120,257,491,475,187,326,382,305,317,,267
2014,7,215,372,422,136,226,298,147,328,89,102,110,404,465,430,344,450,10,35,98,397,19,357,189,358,444,17,59,118,364,117,172,235
2014,8,151,27,389,412,184,408,149,309,80,262,442,490,35,221,142,318,488,260,136,119,378,144,493,22,339,288,230,279,282,380,269,262
2014,9,61,462,194,494,278,257,492,484,5,113,126,188,271,26,386,44,150,266,286,337,186,400,331,227,315,226,280,402,309,473,,269
2014,10,75,272,390,175,265,370,247,427,230,32,117,382,448,8,423,61,492,16,437,250,322,204,76,379,62,431,205,156,338,170,96,244
2014,11,65,246,329,252,246,430,100,122,476,356,235,213,166,461,255,410,20,41,204,467,24,347,109,240,77,422,48,269,149,96,,229
2014,12,438,57,248,67,67,38,428,39,332,496,411,309,66,41,427,353,7,239,246,424,67,345,146,126,318,154,52,80,450,128,189,219
2015,1,452,48,381,350,375,326,142,134,407,336,106,42,85,429,237,248,495,99,210,249,458,87,301,18,120,118,492,365,165,125,90,242
2015,2,21,140,496,101,324,180,195,385,58,339,356,460,339,447,436,453,112,158,419,182,223,470,289,402,44,303,202,366,,,,282
2015,3,313,317,285,148,437,320,81,286,182,348,455,163,359,460,326,318,364,9,71,18,427,287,160,178,244,177,249,32,274,296,229,252
2015,4,187,212,22,310,276,330,132,380,221,233,35,113,284,0,115,142,316,21,337,251,34,494,436,218,72,332,351,178,357,73,,215
2015,5,148,459,6,214,180,347,18,2,196,286,243,322,363,485,380,78,494,10,425,45,410,58,168,412,274,264,467,106,457,450,248,259
2015,6,377,129,52,160,247,80,476,393,204,413,465,424,74,173,281,55,112,152,203,342,370,15,363,224,192,29,273,289,332,104,,233
2015,7,418,367,68,305,476,356,79,163,74,226,7,153,378,424,57,136,474,427,136,192,355,92,255,140,71,260,359,483,262,47,473,249
2015,8,83,3,479,300,381,117,230,130,41,307,41,221,336,181,180,463,388,141,158,148,248,150,426,279,373,381,423,9,91,50,483,234
2015,9,147,241,453,60,291,33,0,191,176,170,260,373,133,175,153,349,165,212,59,230,445,277,474,117,208,496,142,481,345,302,,239
2015,10,97,334,337,365,453,203,352,430,144,298,169,455,478,414,351,381,356,2,45,385,214,160,258,174,361,389,131,476,477,44,420,295
2015,11,357,287,215,3,192,455,335,67,414,58,266,75,495,27,473,107,385,118,330,442,113,269,104,189,62,141,237,378,72,30,,223
2015,12,211,418,250,95,366,338,180,450,471,309,78,371,484,325,490,126,96,346,27,27,395,61,459,328,233,299,21,124,193,317,90,257
2016,1,324,293,42,49,262,431,310,56,246,363,409,291,253,192,412,242,394,338,43,354,452,208,434,387,167,169,93,351,253,257,91,263
2016,2,308,158,466,26,325,198,416,113,276,399,477,216,378,8,489,122,256,141,322,103,247,476,35,362,315,246,340,418,384,,,277
2016,3,234,218,80,426,406,5,121,286,346,213,26,225,134,87,114,179,84,27,58,286,204,305,246,201,160,494,214,137,366,481,102,209
2016,4,485,246,84,108,404,299,387,247,353,36,391,369,308,359,53,205,301,442,202,499,386,139,452,464,292,2,144,308,174,2,,271
2016,5,266,110,143,37,223,12,358,117,228,456,445,32,263,260,75,124,98,286,228,475,297,324,274,373,415,402,175,127,188,242,12,228
2016,6,253,157,324,71,320,330,416,156,97,17,86,169,278,126,332,21,3,111,393,54,317,182,107,22,218,467,158,378,25,113,,190
2016,7,145,229,39,440,201,84,275,26,203,439,49,4,46,416,490,0,120,155,429,192,171,140,482,219,132,8,33,337,364,493,133,209
2016,8,202,33,378,18,451,136,103,253,149,148,20,329,66,73,61,479,397,487,116,237,404,348,112,377,115,6,436,95,201,146,462,221
2016,9,476,410,95,327,408,455,145,36,263,445,201,314,0,68,119,267,489,122,294,247,253,190,26,268,115,51,132,147,479,336,,239
2016,10,389,424,391,63,291,366,161,166,480,438,126,306,50,443,260,86,10,336,136,277,327,95,434,30,165,387,391,57,386,339,221,259
2016,11,375,41,296,239,275,211,378,332,490,472,288,304,428,38,450,0,313,5,44,434,212,217,442,443,75,259,78,178,416,458,,273
2016,12,457,256,191,254,459,251,141,331,300,246,135,290,56,81,489,298,464,162,399,445,101,232,174,373,179,387,301,61,34,433,217,264
2017,1,160,235,319,424,403,431,380,273,327,216,378,262,46,297,92,141,452,41,358,161,378,407,25,386,282,50,226,366,254,492,478,282
2017,2,477,489,108,377,167,47,297,177,100,94,472,495,84,286,494,122,429,367,127,254,249,329,480,330,199,394,270,355,,,,288
2017,3,410,384,184,140,5,480,497,383,187,44,423,254,425,67,359,257,165,59,200,177,86,78,8,294,87,115,187,239,422,195,405,233
2017,4,99,70,277,339,96,381,385,95,462,305,375,94,186,243,456,44,204,293,197,357,72,302,442,217,74,174,462,407,218,434,,259
2017,5,64,390,144,4,160,155,227,144,103,407,67,273,171,216,493,286,52,343,37,486,342,204,397,63,446,418,18,290,383,398,5,232
2017,6,156,136,493,206,229,489,92,144,224,461,254,81,96,178,137,138,178,489,189,175,415,396,431,324,328,182,15,309,447,33,,248
2017,7,410,168,70,10,205,179,80,21,52,114,436,426,12,215,94,51,297,13,333,50,143,297,115,343,83,131,271,205,371,322,425,192
2017,8,41,64,98,71,416,190,126,485,477,210,6,467,2,255,383,373,193,306,376,295,374,213,200,488,80,306,133,199,490,22,462,252
2017,9,260,372,148,35,385,210,313,300,219,305,481,144,6,162,126,23,108,202,177,49,197,464,304,101,122,236,405,41,351,119,,212
2017,10,490,236,329,325,405,30,482,428,134,88,16,191,341,489,46,492,346,225,8,43,15,152,59,412,371,310,7,364,372,173,233,246
2017,11,477,167,336,130,225,142,470,247,347,115,242,324,490,222,332,234,427,466,491,96,453,199,284,235,407,421,358,413,42,417,,307
2017,12,161,199,194,73,348,275,322,1,242,457,135,140,83,307,391,159,173,369,104,309,71,24,243,229,155,68,10,131,212,292,17,190
2018,1,125,50,317,207,97,264,335,35,241,279,98,430,150,394,304,258,10,497,494,288,138,372,357,497,426,328,475,319,107,384,324,277
2018,2,242,57,437,105,329,415,475,52,497,302,298,236,124,156,278,106,375,62,494,114,248,138,62,31,65,56,40,68,,,,209
2018,3,37,92,301,109,261,371,31,328,221,365,478,459,341,166,333,37,418,20,276,327,6,137,302,67,156,458,462,132,133,455,337,246
2018,4,326,184,384,148,205,288,397,385,62,373,73,236,130,212,89,211,369,402,439,405,162,283,445,378,83,295,488,92,470,179,,273
2018,5,39,189,446,168,195,233,199,55,442,446,291,192,360,81,266,99,145,38,52,217,90,157,465,52,149,46,43,17,398,311,208,196
2018,6,493,499,498,343,248,106,311,120,151,381,0,376,499,175,329,283,174,344,60,310,208,309,53,366,179,156,17,358,339,406,,270
2018,7,240,369,268,141,54,477,440,452,223,169,476,410,430,96,332,386,190,189,255,499,100,248,44,72,1,35,354,302,314,455,49,260
2018,8,111,480,229,485,410,297,485,301,272,173,347,470,198,57,11,317,148,421,126,67,464,151,158,57,377,389,370,381,341,456,432,290
2018,9,200,273,285,181,13,77,167,197,314,341,176,117,175,330,350,159,107,17,142,221,150,415,289,86,283,51,459,118,332,170,,207
2018,10,250,123,275,103,250,104,263,213,402,101,454,219,267,364,325,230,286,381,389,71,367,152,235,380,362,363,423,455,290,131,181,271
2018,11,354,56,490,410,411,209,265,229,204,259,471,232,416,424,21,5,484,126,94,354,136,371,142,241,263,117,348,6,112,201,,248
2018,12,202,144,432,240,250,110,344,387,427,327,174,427,331,217,369,299,432,136,353,76,356,379,349,39,469,110,212,446,367,341,401,295
2019,1,25,142,104,429,307,445,493,398,96,83,349,197,398,50,484,401,256,313,94,77,185,59,88,62,251,18,131,313,119,270,195,220
2019,2,87,417,91,435,18,41,499,355,233,88,167,39,379,474,458,275,138,167,425,330,294,118,6,216,50,143,97,245,,,,224
2019,3,88,296,25,187,12,127,167,62,338,181,341,493,192,107,130,401,229,133,337,482,286,39,72,3,401,234,344,368,190,273,50,213
2019,4,373,191,342,239,130,143,25,222,309,242,165,86,194,402,253,415,165,350,175,22,455,78,393,33,100,44,278,330,52,90,,210
2019,5,125,261,30,242,8,76,349,11,491,345,428,187,225,120,79,355,487,407,292,299,425,180,231,194,107,134,428,45,171,16,122,222
2019,6,310,299,137,369,299,167,9,16,342,441,347,106,419,301,344,375,291,330,70,487,364,128,232,348,274,16,303,114,405,234,,263
2019,7,397,2,280,317,270,466,132,453,228,419,121,173,162,51,219,80,130,291,191,491,487,69,111,58,346,499,154,79,67,133,86,225
2019,8,429,494,479,223,466,287,109,50,70,263,225,296,305,374,81,250,213,328,374,8,125,114,29,192,166,430,92,363,181,292,356,247
2019,9,309,48,468,369,396,88,202,271,68,402,296,491,443,87,498,335,281,406,25,206,390,355,476,388,442,22,272,476,356,203,,302
2019,10,255,381,461,63,419,53,67,200,48,318,217,357,445,168,262,229,420,477,431,491,430,493,304,389,391,237,357,95,114,429,118,294
2019,11,244,450,492,297,183,332,161,469,259,331,381,376,202,307,449,112,378,194,302,166,218,430,284,347,453,334,297,309,15,351,,304
2019,12,158,362,175,296,183,383,196,197,221,244,31,79,203,130,222,127,473,101,191,290,121,346,463,406,233,258,55,124,368,366,23,227
